site_id,site_name,latitude,longitude,altitude,state,region
A125,RIO URUBU,-2.6336111,-59.60055555,112.84,AM,N
A126,PRESIDENTE FIGUEIREDO,-2.05666666,-60.02583332,60.99,AM,N
A128,BARCELOS,-0.98722221,-62.92416666,29.88,AM,N
A133,MANICORE,-5.7886111,-61.28833333,40.64,AM,N
A134,S. G. DA CACHOEIRA,-0.125207,-67.061246,79.67,AM,N
A135,BOA VISTA,2.81694443,-60.69083333,82.35,RR,N
A136,PORTO WALTER,-8.26722221,-72.74777777,205.35,AC,N
A137,MARECHAL THAUMATURGO,-8.95,-72.78666666,220.98,AC,N
A138,FEIJO,-8.14277777,-70.3436111,157.17,AC,N
A140,EPITACIOLANDIA,-11.02388888,-68.73527777,224.5,AC,N
A144,NOVO ARIPUANA,-8.0911111,-60.38055554,45.0,AM,N
A201,BELEM,-1.411228,-48.439512,21.17,PA,N
A202,CASTANHAL,-1.30083333,-47.94805555,47.13,PA,N
A203,SAO LUIS,-2.52666666,-44.21361111,54.8,MA,NE
A204,BALSAS,-7.45555555,-46.02749999,271.03,MA,NE
A205,CAROLINA,-7.33722221,-47.45972222,182.88,MA,NE
A206,CHAPADINHA,-3.74277777,-43.35222222,104.0,MA,NE
A207,GRAJAU,-5.81611111,-46.16222222,232.29,MA,NE
A209,MEDICILANDIA,-3.51083333,-52.96333333,251.68,PA,N
A210,PACAJA,-3.8436111,-50.63805555,89.02,PA,N
A211,PLACAS,-3.86416666,-54.21638888,100.45,PA,N
A212,PARAGOMINAS,-2.90055555,-47.49499999,88.0,PA,N
A213,TOME ACU,-2.59249999,-48.36055555,42.95,PA,N
A214,RONDON DO PARA,-4.82749999,-48.1736111,203.0,PA,N
A215,SALINOPOLIS,-0.61888888,-47.35666666,23.18,PA,N
A216,SAO FELIX DO XINGU,-6.63972221,-51.95694444,211.0,PA,N
A217,FAROL de SANTANA,-2.27083332,-43.62416666,9.87,MA,NE
A218,PREGUICAS,-2.59222221,-42.7075,4.62,MA,NE
A219,TURIACU,-1.66111111,-45.37249999,35.86,MA,NE
A220,BACABAL,-4.24305555,-44.79499999,22.33,MA,NE
A221,BARRA DO CORDA,-5.50666666,-45.23694444,154.19,MA,NE
A222,COLINAS,-6.03305554,-44.23333333,175.37,MA,NE
A223,ALTO PARNAIBA,-9.10833333,-45.93194443,283.69,MA,NE
A224,ESTREITO,-6.65333333,-47.41833332,182.96,MA,NE
A225,IMPERATRIZ,-5.55583333,-47.45972222,117.96,MA,NE
A226,BRAGANCA,-1.05583333,-46.78277777,5.6,PA,N
A227,SOURE,-0.72777777,-48.51583333,12.54,PA,N
A228,BREVES,-1.68027777,-50.47805554,11.0,PA,N
A229,TUCURUI,-3.82277777,-49.67499999,137.94,PA,N
A230,SERRA DOS CARAJAS,-6.07749999,-50.14222221,707.0,PA,N
A231,ITAITUBA,-4.27694443,-55.99305555,24.46,PA,N
A232,OBIDOS,-1.88083332,-55.51972221,89.64,PA,N
A233,SANTANA DO ARAGUAIA,-9.34055555,-50.35027777,154.0,PA,N
A234,TUCUMA,-6.74333333,-51.14194444,320.93,PA,N
A235,NOVO REPARTIMENTO,-4.24388888,-49.93944444,100.76,PA,N
A236,CAMETA,-2.23972221,-49.49972221,9.92,PA,N
A237,CAXIAS,-4.82138888,-43.3436111,84.85,MA,NE
A238,BURITICUPU,-4.32055554,-46.44944444,174.91,MA,NE
A239,MONTE ALEGRE,-2.0,-54.07638888,100.53,PA,N
A240,MARABA,-5.36638888,-49.05111111,116.58,PA,N
A241,CONCEICAO DO ARAGUAIA,-8.30361111,-49.28277777,175.74,PA,N
A242,OIAPOQUE,3.81361111,-51.8625,15.14,AP,N
A244,PORTO GRANDE,0.69416666,-51.40388888,84.8,AP,N
A245,PORTO DE MOZ,-1.82194443,-52.11166666,19.0,PA,N
A246,MINA DO PALITO,-6.31999999,-55.78777777,259.88,PA,N
A247,XINGUARA,-7.11055555,-49.9261111,245.0,PA,N
A248,CAPITAO POCO,-1.73472221,-47.0575,79.1,PA,N
A249,MACAPA,0.03499999,-51.08888888,16.62,AP,N
A250,SANTAREM,-2.5025,-54.72027777,137.0,PA,N
A251,ITAUBAL,0.56777777,-50.8236111,21.0,AP,N
A252,DOM ELISEU,-4.28055554,-47.56388888,251.0,PA,N
A253,ALTAMIRA,-3.26999999,-52.39472221,191.0,PA,N
A254,REDENCAO,-8.04333333,-50.00694444,199.0,PA,N
A255,ZE DOCA,-3.26916666,-45.65111111,45.5,MA,NE
A256,SANTA MARIA DAS BARREIRAS,-8.72972221,-49.85638888,165.0,PA,N
A301,RECIFE,-8.05916666,-34.95916666,11.3,PE,NE
A303,MACEIO,-9.55111111,-35.77027777,84.12,AL,NE
A304,NATAL,-5.83722221,-35.20805555,47.46,RN,NE
A305,FORTALEZA,-3.81583333,-38.53777777,29.55,CE,NE
A306,SOBRAL,-3.74805555,-40.34583333,92.07,CE,NE
A307,PETROLINA,-9.38833333,-40.52333332,372.72,PE,NE
A308,PARNAIBA,-3.08666666,-41.78305554,52.11,PI,NE
A309,ARCO VERDE,-8.4336111,-37.05555555,683.95,PE,NE
A310,AREIA,-6.97555554,-35.71805554,573.45,PB,NE
A311,FLORIANO,-6.76138888,-43.00333333,126.39,PI,NE
A312,TERESINA,-5.03472221,-42.80138888,75.23,PI,NE
A313,CAMPINA GRANDE,-7.22555554,-35.90472222,546.17,PB,NE
A314,GUARAMIRANGA,-4.22916666,-38.95888888,865.53,CE,NE
A315,BARBALHA,-7.30083333,-39.2711111,409.41,CE,NE
A316,CAICO,-6.46749999,-37.08499999,171.26,RN,NE
A317,MACAU,-5.15111111,-36.57305554,17.37,RN,NE
A318,MOSSORO,-4.90416666,-37.36694443,29.44,RN,NE
A319,IGUATU,-6.39638888,-39.26888888,221.56,CE,NE
A320,JOAO PESSOA,-7.16527777,-34.81555555,33.5,PB,NE
A321,PATOS,-7.07972221,-37.27277777,263.66,PB,NE
A322,GARANHUNS,-8.91083333,-36.49333333,827.78,PE,NE
A323,PAO DE ACUCAR,-9.74916666,-37.43083332,20.83,AL,NE
A324,TAUA,-6.01749999,-40.28138888,410.87,CE,NE
A325,QUIXERAMOBIM,-5.17444443,-39.28944444,221.04,CE,NE
A326,BOM JESUS DO PIAUI,-9.07999999,-44.32777777,288.0,PI,NE
A327,PALMEIRA DOS INDIOS,-9.42027777,-36.62027777,278.01,AL,NE
A328,SURUBIM,-7.84249999,-35.79027777,421.44,PE,NE
A329,CABROBO,-8.50388888,-39.31527777,342.74,PE,NE
A330,PAULISTANA,-8.13222221,-41.14305555,376.0,PI,NE
A331,SAO JOAO DO PIAUI,-8.36444444,-42.2525,231.0,PI,NE
A332,MORADA NOVA,-5.0911111,-38.36472222,93.0,CE,NE
A333,SAO GONCALO,-6.83583333,-38.31166666,237.04,PB,NE
A334,MONTEIRO,-7.89444444,-37.12472221,606.39,PB,NE
A335,PIRIPIRI,-4.2761111,-41.79444444,157.89,PI,NE
A336,ALVORADA DO GURGUEIA,-8.37638888,-43.85944444,225.0,PI,NE
A337,CARACOL,-9.28583333,-43.32444443,515.3,PI,NE
A339,JAGUARUANA,-4.83777777,-37.69972221,12.0,CE,NE
A340,APODI,-5.62666666,-37.815,131.41,RN,NE
A341,CARUARU,-8.35611111,-36.02833332,837.0,PE,NE
A342,CRATEUS,-5.18666666,-40.67222221,298.19,CE,NE
A343,PICOS,-7.0711111,-41.40416666,232.91,PI,NE
A344,CALCANHAR,-5.16,-35.48749999,9.82,RN,NE
A345,SAO RAIMUNDO NONATO,-9.03305554,-42.70111111,385.0,PI,NE
A346,URUCUI,-7.44138888,-44.34499999,398.83,PI,NE
A347,CAMPOS SALES,-7.07777777,-40.36277777,577.95,CE,NE
A348,CABACEIRAS,-7.48333333,-36.28638888,391.96,PB,NE
A349,IBIMIRIM,-8.50944444,-37.71166666,434.23,PE,NE
A350,SERRA TALHADA,-7.95416666,-38.29499999,499.02,PE,NE
A351,FLORESTA,-8.59888888,-38.58416666,327.42,PE,NE
A352,CAMARATUBA,-6.56194444,-35.13527777,135.51,PB,NE
A353,ARAPIRACA,-9.80444444,-36.61916666,236.84,AL,NE
A354,OEIRAS,-6.97416666,-42.14694444,154.03,PI,NE
A355,CORURIPE,-10.1286111,-36.28638888,82.39,AL,NE
A356,SAO LUIS DO QUITUNDE,-9.28749999,-35.56583333,13.69,AL,NE
A357,PALMARES,-8.66666666,-35.56805554,164.01,PE,NE
A358,JAGUARIBE,-5.90555555,-38.62777777,149.31,CE,NE
A359,ITAPIPOCA,-3.48416666,-39.5886111,104.49,CE,NE
A360,ACARAU,-3.1211111,-40.08722221,67.15,CE,NE
A361,CASTELO DO PIAUI,-5.34916666,-41.51222222,268.75,PI,NE
A363,VALENCA DO PIAUI,-6.4236111,-41.74888888,372.0,PI,NE
A364,GILBUES,-9.87527777,-45.34583333,425.1,PI,NE
A365,CANTO DO BURITI,-8.11805554,-42.97583332,312.07,PI,NE
A366,OURICURI,-7.88583333,-40.10277777,457.85,PE,NE
A367,SANTA CRUZ,-6.22805554,-36.02666666,227.49,RN,NE
A368,TIANGUA,-3.73222221,-41.01194444,756.0,CE,NE
A369,QUIXADA,-4.97888888,-39.05722222,193.0,CE,NE
A370,SALGUEIRO,-8.05805555,-39.0961111,447.0,PE,NE
A371,PIRANHAS,-9.62222221,-37.76722221,187.0,AL,NE
A372,IPANGUACU,-5.53499999,-36.87222221,19.0,RN,NE
A373,ITAPORANGA,-7.31833332,-38.14083333,292.0,PB,NE
A374,CORRENTE,-10.42916666,-45.17305554,452.0,PI,NE
A375,BAIXA GRANDE DO RIBEIRO,-8.333531,-45.094625,519.0,PI,NE
A376,CAMPO MAIOR,-4.86416666,-42.14555555,125.0,PI,NE
A377,ANGICAL DO PIAUI,-6.08944444,-42.72749999,183.0,PI,NE
A401,SALVADOR,-13.00555555,-38.50583333,47.56,BA,NE
A402,BARREIRAS,-12.12472221,-45.02694443,474.17,BA,NE
A404,LUIS EDUARDO MAGALHAES,-12.1525,-45.82972221,760.68,BA,NE
A405,CARAVELAS,-17.73944444,-39.25861111,6.05,BA,NE
A406,CRUZ DAS ALMAS,-12.67555554,-39.08944444,219.76,BA,NE
A407,ITIRUCU,-13.52777777,-40.11972221,757.42,BA,NE
A408,ITABERABA,-12.52416666,-40.29972221,250.11,BA,NE
A409,ARACAJU,-10.9525,-37.05444444,3.72,SE,NE
A410,ILHEUS,-14.65888888,-39.18138888,80.21,BA,NE
A412,MACAJUBA,-12.13166666,-40.35416666,360.0,BA,NE
A413,FEIRA DE SANTANA,-12.1961111,-38.96749999,229.64,BA,NE
A414,VITORIA DA CONQUISTA,-14.88638888,-40.80138888,879.38,BA,NE
A415,SANTA RITA DE CASSIA,-11.00333333,-44.53638888,450.0,BA,NE
A416,CORRENTINA,-13.33249999,-44.61749999,551.71,BA,NE
A417,ITABAIANINHA,-11.27249999,-37.79499999,204.8,SE,NE
A418,BOM JESUS DA LAPA,-13.25111111,-43.40527777,447.75,BA,NE
A419,POCO VERDE,-10.73805555,-38.10833333,367.01,SE,NE
A420,CARIRA,-10.39972221,-37.74749999,289.92,SE,NE
A421,BREJO GRANDE,-10.47388888,-36.48194443,6.11,SE,NE
A422,ABROLHOS,-17.96305555,-38.70333333,20.93,BA,NE
A423,REMANSO,-9.62555554,-42.07722221,397.4,BA,NE
A424,IRECE,-11.32888888,-41.86444444,768.42,BA,NE
A425,LENCOIS,-12.55777777,-41.38888888,438.09,BA,NE
A426,GUANAMBI,-14.20805555,-42.74972221,552.23,BA,NE
A427,PORTO SEGURO,-16.38888888,-39.18249999,86.36,BA,NE
A428,SENHOR DO BONFIM,-10.44305555,-40.14833333,532.09,BA,NE
A429,BARRA,-11.08472221,-43.13888888,407.5,BA,NE
A430,PIATA,-13.15555555,-41.77416666,1283.95,BA,NE
A431,CONDE,-12.03583333,-37.68388888,31.9,BA,NE
A432,BURITIRAMA,-10.72305554,-43.65111111,506.06,BA,NE
A433,BRUMADO,-14.18194443,-41.67222221,473.37,BA,NE
A434,AMARGOSA,-13.00944444,-39.61694443,397.8,BA,NE
A435,UAUA,-9.8336111,-39.49555555,450.6,BA,NE
A436,QUEIMADAS,-10.98472221,-39.61694443,310.11,BA,NE
A437,UNA,-15.28027777,-39.09138888,74.08,BA,NE
A438,MARAU,-13.90694444,-38.97222221,6.24,BA,NE
A439,IBOTIRAMA,-12.19305555,-43.21333333,425.12,BA,NE
A440,JACOBINA,-11.205,-40.465,440.78,BA,NE
A441,SERRINHA,-11.66472222,-39.02305554,337.79,BA,NE
A442,EUCLIDES DA CUNHA,-10.53722221,-38.99666666,431.96,BA,NE
A443,DELFINO,-10.455,-41.20694444,646.24,BA,NE
A444,VALENCA,-13.3436111,-39.12666666,93.12,BA,NE
A445,IPIAU,-14.17138888,-39.69249999,132.11,BA,NE
A446,ITAPETINGA,-15.24472221,-40.22944443,271.48,BA,NE
A447,BELMONTE,-16.08805555,-39.21527777,89.67,BA,NE
A448,CURACA,-9.00138888,-39.9125,370.0,BA,NE
A449,PILAO ARCADO,-10.01833332,-42.50027777,385.0,BA,NE
A450,JEREMOABO,-10.08083332,-38.34583333,261.0,BA,NE
A451,ITABAIANA,-10.67166666,-37.47138888,213.0,SE,NE
A452,FORMOSA DO RIO PRETO,-11.05222222,-45.20083333,488.0,BA,NE
A453,NOSSA SENHORA DA GLORIA,-10.20777777,-37.43194443,271.0,SE,NE
A455,ITAMARAJU,-17.00694444,-39.55805555,110.0,BA,NE
A456,SALVADOR (RADIO FAROL),-12.80833333,-38.49583333,31.0,BA,NE
A458,RIBEIRA DO AMPARO,-11.05861111,-38.44416666,182.0,BA,NE
A502,BARBACENA,-21.22833332,-43.76777777,1168.76,MG,SE
A505,ARAXA,-19.60583333,-46.94972221,1018.32,MG,SE
A506,MONTES CLAROS,-16.68638888,-43.84388888,645.87,MG,SE
A507,UBERLANDIA,-18.91694443,-48.25555555,874.77,MG,SE
A508,ALMENARA,-16.16666666,-40.68777777,189.11,MG,SE
A509,MONTE VERDE,-22.86166666,-46.04333333,1544.89,MG,SE
A510,VICOSA,-20.7625,-42.86388888,697.64,MG,SE
A511,TIMOTEO,-19.57388888,-42.62249999,493.42,MG,SE
A512,ITUIUTABA,-18.95277777,-49.52499999,540.08,MG,SE
A513,OURO BRANCO,-20.55666666,-43.75611111,1048.2,MG,SE
A514,SAO JOAO DEL REI,-21.10638888,-44.25083333,929.88,MG,SE
A515,VARGINHA,-21.56638888,-45.40416666,949.78,MG,SE
A516,PASSOS,-20.74527777,-46.63388888,781.7,MG,SE
A517,MURIAE,-21.105,-42.37583332,282.79,MG,SE
A518,JUIZ DE FORA,-21.76999999,-43.36444444,936.88,MG,SE
A519,CAMPINA VERDE,-19.53916666,-49.51805554,559.07,MG,SE
A520,CONCEICAO DAS ALAGOAS,-19.98583333,-48.15166666,572.54,MG,SE
A521,BELO HORIZONTE - PAMPULHA,-19.88388888,-43.96944443,854.02,MG,SE
A522,SERRA DOS AIMORES,-17.79888888,-40.25,211.97,MG,SE
A523,PATROCINIO,-18.99666666,-46.98583333,978.11,MG,SE
A524,FORMIGA,-20.455,-45.45388888,878.14,MG,SE
A525,SACRAMENTO,-19.87527777,-47.43416666,913.12,MG,SE
A526,MONTALVANIA,-14.40833333,-44.40416666,519.52,MG,SE
A527,TEOFILO OTONI,-17.89277777,-41.51555555,467.17,MG,SE
A528,TRES MARIAS,-18.20083333,-45.45972222,931.01,MG,SE
A529,PASSA QUATRO,-22.39583333,-44.96194444,1017.1,MG,SE
A530,CALDAS,-21.91805554,-46.38305554,1077.34,MG,SE
A531,MARIA DA FE,-22.31444444,-45.37305554,1281.43,MG,SE
A532,GOVERNADOR VALADARES,-18.83027777,-41.97694443,198.24,MG,SE
A533,GUANHAES,-18.78694444,-42.94305555,852.68,MG,SE
A534,AIMORES,-19.53277777,-41.09083333,301.0,MG,SE
A535,FLORESTAL,-19.88527777,-44.41694443,753.5,MG,SE
A536,DORES DO INDAIA,-19.48194443,-45.59388888,721.09,MG,SE
A537,DIAMANTINA,-18.231052,-43.648269,1359.25,MG,SE
A538,CURVELO,-18.74777777,-44.45388888,669.48,MG,SE
A539,MOCAMBINHO,-15.08583333,-44.01611111,454.0,MG,SE
A540,MANTENA,-18.78062,-40.986505,254.91,MG,SE
A541,CAPELINHA,-17.70555555,-42.38916666,932.06,MG,SE
A542,UNAI,-16.55416666,-46.88194443,640.85,MG,SE
A543,ESPINOSA,-14.91222222,-42.80861111,565.36,MG,SE
A544,BURITIS,-15.52416666,-46.43555555,894.0,MG,SE
A545,PIRAPORA,-17.258064,-44.835556,505.32,MG,SE
A546,GUARDA-MOR,-17.56138888,-47.19916666,997.01,MG,SE
A547,SAO ROMAO,-16.36277777,-45.12388888,490.29,MG,SE
A548,CHAPADA GAUCHA,-15.30027777,-45.61749999,873.2,MG,SE
A549,AGUAS VERMELHAS,-15.75166666,-41.45777777,754.07,MG,SE
A550,ITAOBIM,-16.57555554,-41.48555555,271.63,MG,SE
A551,RIO PARDO DE MINAS,-15.72305554,-42.43583333,850.06,MG,SE
A552,SALINAS,-16.16027777,-42.31027777,487.14,MG,SE
A553,JOAO PINHEIRO,-17.78444444,-46.11944443,877.05,MG,SE
A554,CARATINGA,-19.73583333,-42.13722221,609.25,MG,SE
A555,IBIRITE (ROLA MOCA),-20.03138888,-44.01111111,1198.82,MG,SE
A556,MANHUACU,-20.26333333,-42.18277777,819.47,MG,SE
A557,CORONEL PACHECO,-21.54666666,-43.26111111,411.14,MG,SE
A559,JANUARIA,-15.44805555,-44.36638888,468.0,MG,SE
A560,POMPEU,-19.23249999,-44.96416666,705.0,MG,SE
A561,SAO SEBASTIAO DO PARAISO,-20.91,-47.11416666,845.0,MG,SE
A562,PATOS DE MINAS,-18.52055554,-46.44055555,950.0,MG,SE
A563,NOVA PORTEIRINHA (JANAUBA),-15.80277777,-43.29694444,532.0,MG,SE
A564,DIVINOPOLIS,-20.17333332,-44.87499999,796.0,MG,SE
A565,BAMBUI,-20.0311111,-46.00888888,697.0,MG,SE
A566,ARACUAI,-16.84888888,-42.03527777,308.0,MG,SE
A567,MACHADO,-21.68083332,-45.94444444,969.0,MG,SE
A568,UBERABA,-19.71,-47.96194444,778.0,MG,SE
A569,SETE LAGOAS,-19.45527777,-44.17333332,719.0,MG,SE
A570,OLIVEIRA,-20.715,-44.86444444,1025.0,MG,SE
A571,PARACATU,-17.24444444,-46.88166666,705.0,MG,SE
A572,BELO HORIZONTE - SANTO AGOSTINHO,-19.93388888,-43.95222222,915.47,MG,SE
A601,SEROPEDICA-ECOLOGIA AGRICOLA,-22.75777777,-43.68472221,35.0,RJ,SE
A602,RIO DE JANEIRO-MARAMBAIA,-23.05027777,-43.59555555,12.0,RJ,SE
A603,DUQUE DE CAXIAS - XEREM,-22.58972221,-43.28222221,22.0,RJ,SE
A604,CAMBUCI,-21.58749999,-41.95833333,46.0,RJ,SE
A606,ARRAIAL DO CABO,-22.97527777,-42.02138888,5.0,RJ,SE
A607,CAMPOS DOS GOYTACAZES,-21.71472222,-41.34388888,17.0,RJ,SE
A608,MACAE,-22.3761111,-41.81194444,28.0,RJ,SE
A609,RESENDE,-22.45138888,-44.44499999,438.83,RJ,SE
A610,PICO DO COUTO,-22.46472222,-43.29138888,1777.0,RJ,SE
A611,VALENCA,-22.35805555,-43.69555555,370.0,RJ,SE
A612,VITORIA,-20.27083332,-40.30583333,9.0,ES,SE
A613,SANTA TERESA,-19.98833333,-40.57944443,975.92,ES,SE
A614,LINHARES,-19.35694444,-40.0686111,40.0,ES,SE
A615,ALFREDO CHAVES,-20.63638888,-40.74194444,14.19,ES,SE
A616,SAO MATEUS,-18.6761111,-39.86416666,28.66,ES,SE
A617,ALEGRE,-20.75055555,-41.48888888,138.0,ES,SE
A618,TERESOPOLIS-PARQUE NACIONAL,-22.4486111,-42.98694444,981.0,RJ,SE
A619,PARATY,-23.2236111,-44.72694443,3.0,RJ,SE
A620,CAMPOS DOS GOYTACAZES - SAO TOME,-22.04166666,-41.05166666,7.0,RJ,SE
A621,RIO DE JANEIRO - VILA MILITAR,-22.86138888,-43.41138888,30.43,RJ,SE
A622,PRESIDENTE KENNEDY,-21.10083333,-41.03944444,69.12,ES,SE
A623,NOVA VENECIA,-18.69527777,-40.39055555,156.02,ES,SE
A624,NOVA FRIBURGO - SALINAS,-22.33472221,-42.67694443,1070.0,RJ,SE
A625,TRES RIOS,-22.09833333,-43.20833333,295.0,RJ,SE
A626,RIO CLARO,-22.653579,-44.040916,516.0,RJ,SE
A627,NITEROI,-22.86749999,-43.10194444,6.0,RJ,SE
A628,ANGRA DOS REIS,-22.97555554,-44.30333333,6.0,RJ,SE
A629,CARMO,-21.9386111,-42.60083333,293.0,RJ,SE
A630,SANTA MARIA MADALENA,-21.95055555,-42.01027777,586.0,RJ,SE
A631,ECOPORANGA,-18.29138888,-40.73638888,224.0,ES,SE
A632,MARILANDIA,-19.40722222,-40.53972221,95.0,ES,SE
A633,VENDA NOVA DO IMIGRANTE,-20.38555555,-41.18999999,722.0,ES,SE
A634,VILA VELHA,-20.46694443,-40.40388888,25.0,ES,SE
A635,ITATIAIA,-22.37388888,-44.70305555,2450.0,RJ,SE
A636,RIO DE JANEIRO - JACAREPAGUA,-22.93999999,-43.40277777,20.0,RJ,SE
A637,Paty do Alferes - Avelar,-22.34722221,-43.41777777,508.0,RJ,SE
A652,RIO DE JANEIRO - FORTE DE COPACABANA,-22.98833333,-43.19055555,25.59,RJ,SE
A657,AFONSO CLAUDIO,-20.10416666,-41.10694444,507.48,ES,SE
A659,SILVA JARDIM,-22.64583333,-42.41555555,19.0,RJ,SE
A667,SAQUAREMA - SAMPAIO CORREIA,-22.8711111,-42.60888888,26.0,RJ,SE
A701,SAO PAULO - MIRANTE,-23.4962888,-46.6200666,785.64,SP,SE
A702,CAMPO GRANDE,-20.44722221,-54.72249999,528.47,MS,CO
A703,PONTA PORA,-22.5525,-55.71638888,668.0,MS,CO
A704,TRES LAGOAS,-20.79499999,-51.71333333,328.94,MS,CO
A705,BAURU,-22.35805555,-49.02888888,636.17,SP,SE
A706,CAMPOS DO JORDAO,-22.75027777,-45.60388888,1662.95,SP,SE
A707,PRESIDENTE PRUDENTE,-22.11999999,-51.40861111,431.92,SP,SE
A708,FRANCA,-20.58444444,-47.38249999,1002.74,SP,SE
A709,IVINHEMA,-22.30055555,-53.82277777,377.36,MS,CO
A710,PARANAIBA,-19.69555555,-51.18166666,408.06,MS,CO
A711,SAO CARLOS,-21.98027777,-47.88388888,859.29,SP,SE
A712,IGUAPE,-24.67166666,-47.54583333,2.7,SP,SE
A713,IPERO,-23.4261111,-47.58555555,609.33,SP,SE
A714,ITAPEVA,-23.98194443,-48.88583333,743.33,SP,SE
A715,SAO MIGUEL ARCANJO,-23.89083333,-47.99916666,710.0,SP,SE
A716,OURINHOS,-23.00055555,-49.84333333,500.0,SP,SE
A717,NHUMIRIM,-18.9886111,-56.62277777,102.26,MS,CO
A718,RANCHARIA,-22.37277777,-50.97472221,398.75,SP,SE
A719,AQUIDAUANA,-20.47555554,-55.78388888,151.35,MS,CO
A720,COXIM,-18.51222222,-54.7361111,251.48,MS,CO
A721,DOURADOS,-22.19388888,-54.91138888,463.3,MS,CO
A722,MIRANDA,-20.39555555,-56.43166666,132.49,MS,CO
A723,PORTO MURTINHO,-21.70583333,-57.88666666,78.56,MS,CO
A724,CORUMBA,-18.99666666,-57.63749999,111.73,MS,CO
A725,AVARE,-23.10166666,-48.9411111,776.36,SP,SE
A726,PIRACICABA,-22.70305555,-47.62333332,566.46,SP,SE
A727,LINS,-21.66611111,-49.73472221,460.65,SP,SE
A728,TAUBATE,-23.04166666,-45.52083332,582.26,SP,SE
A729,VOTUPORANGA,-20.40333333,-49.96611111,510.37,SP,SE
A730,CHAPADAO DO SUL,-18.80222222,-52.6025,820.82,MS,CO
A731,MARACAJU,-21.60916666,-55.17749999,388.94,MS,CO
A732,SAO GABRIEL DO OESTE,-19.42027777,-54.55305555,646.0,MS,CO
A733,JALES,-20.165,-50.59499999,460.44,SP,SE
A734,VALPARAISO,-21.31916666,-50.93027777,381.9,SP,SE
A735,JOSE BONIFACIO,-21.08555555,-49.92027777,408.35,SP,SE
A736,ARIRANHA,-21.13305554,-48.84055555,525.44,SP,SE
A737,IBITINGA,-21.85555555,-48.79972221,496.75,SP,SE
A738,CASA BRANCA,-21.78055554,-47.07527777,734.15,SP,SE
A739,ITAPIRA,-22.415,-46.80527777,634.89,SP,SE
A740,SAO LUIZ DO PARAITINGA,-23.22833332,-45.41694443,874.0,SP,SE
A741,BARRA BONITA,-22.4711111,-48.5575,533.68,SP,SE
A742,CASSILANDIA,-19.12249999,-51.72083332,494.72,MS,CO
A743,RIO BRILHANTE,-21.77499999,-54.52805554,324.31,MS,CO
A744,BRAGANCA PAULISTA,-22.94916666,-46.5261111,891.0,SP,SE
A746,BARRA DO TURVO,-24.96277777,-48.41638888,659.89,SP,SE
A747,PRADOPOLIS,-21.33833333,-48.11388888,544.0,SP,SE
A748,BARRETOS,-20.55916666,-48.54499999,534.36,SP,SE
A749,JUTI,-22.85722222,-54.60555555,375.18,MS,CO
A750,AMAMBAI,-23.0025,-55.32944443,433.59,MS,CO
A751,SETE QUEDAS,-23.96694443,-55.02416666,398.4,MS,CO
A752,ITAQUIRAI,-23.44944444,-54.18194443,337.82,MS,CO
A753,ITUVERAVA,-20.35972222,-47.77527777,610.58,SP,SE
A754,SIDROLANDIA,-20.98166666,-54.97194443,471.43,MS,CO
A755,BARUERI,-23.52388888,-46.86944443,776.5,SP,SE
A756,AGUA CLARA,-20.44444444,-52.87583332,323.63,MS,CO
A757,BELA VISTA,-22.10166666,-56.54083333,206.09,MS,CO
A758,JARDIM,-21.4786111,-56.13777777,252.47,MS,CO
A759,BATAGUASSU,-21.75,-52.47138888,392.13,MS,CO
A760,COSTA RICA,-18.49277777,-53.17138888,727.34,MS,CO
A761,SONORA,-17.63527777,-54.76055555,495.25,MS,CO
A762,DRACENA,-21.45777777,-51.55222222,383.0,SP,SE
A763,MARILIA,-22.23527777,-49.965,660.0,SP,SE
A764,BEBEDOURO,-20.94805555,-48.47138888,542.0,SP,SE
A765,BERTIOGA,-23.84472221,-46.14333333,5.0,SP,SE
A766,REGISTRO,-24.53305554,-47.86416666,35.0,SP,SE
A767,SAO SEBASTIAO,-23.81083333,-45.4025,24.0,SP,SE
A768,TUPA,-21.92722221,-50.49027777,498.0,SP,SE
A769,CACHOEIRA PAULISTA,-22.68888888,-45.00555555,586.0,SP,SE
A770,SAO SIMAO,-21.46111111,-47.57944443,620.0,SP,SE
A771,SAO PAULO - INTERLAGOS,-23.72444443,-46.67749999,771.0,SP,SE
A801,PORTO ALEGRE - JARDIM BOTANICO,-30.05361111,-51.17472221,41.18,RS,S
A802,RIO GRANDE,-32.07888888,-52.16777777,4.92,RS,S
A803,SANTA MARIA,-29.72499999,-53.72055554,103.1,RS,S
A804,SANTANA DO LIVRAMENTO,-30.75055555,-55.40138888,196.0,RS,S
A805,SANTO AUGUSTO,-27.85444444,-53.7911111,489.67,RS,S
A806,FLORIANOPOLIS,-27.6025,-48.61999999,4.87,SC,S
A807,CURITIBA,-25.4486111,-49.23055554,922.91,PR,S
A808,TORRES,-29.35027777,-49.73333333,8.44,RS,S
A809,URUGUAIANA,-29.83999999,-57.08194443,74.29,RS,S
A810,SANTA ROSA,-27.89055555,-54.47999999,272.84,RS,S
A811,CANGUCU,-31.40333333,-52.70083333,446.81,RS,S
A812,CACAPAVA DO SUL,-30.54527777,-53.46694443,420.82,RS,S
A813,RIO PARDO,-29.87222221,-52.38194443,106.99,RS,S
A814,URUSSANGA,-28.53249999,-49.31527777,40.56,SC,S
A815,SAO JOAQUIM,-28.27555554,-49.93472221,1400.06,SC,S
A816,NOVO HORIZONTE,-26.40638888,-52.85027777,943.57,SC,S
A817,INDAIAL,-26.91361111,-49.26805554,72.24,SC,S
A818,IVAI,-25.01083333,-50.85388888,803.58,PR,S
A819,CASTRO,-24.77999999,-50.04638888,1016.0,PR,S
A820,MAL. CANDIDO RONDON,-24.53333333,-54.01916666,392.07,PR,S
A821,JOAQUIM TAVORA,-23.50527777,-49.94638888,512.67,PR,S
A822,NOVA TEBAS,-24.43388888,-51.95388888,660.0,PR,S
A823,INACIO MARTINS,-25.56777777,-51.07805554,1208.85,PR,S
A824,ICARAIMA,-23.39027777,-53.63583333,381.29,PR,S
A825,GOIOERE,-24.18388888,-53.04888888,481.0,PR,S
A826,ALEGRETE,-29.70916666,-55.52555554,120.88,RS,S
A827,BAGE,-31.34777777,-54.01333333,226.19,RS,S
A828,ERECHIM,-27.65777777,-52.30583333,777.08,RS,S
A829,SAO JOSE DOS AUSENTES,-28.7486111,-50.05777777,1228.59,RS,S
A830,SAO BORJA,-28.65,-56.01638888,81.08,RS,S
A831,QUARAI,-30.3686111,-56.43722221,113.05,RS,S
A832,SAO GABRIEL,-30.34138888,-54.31083333,114.89,RS,S
A833,SANTIAGO,-29.19166666,-54.88555555,390.03,RS,S
A834,TRAMANDAI,-30.01027777,-50.13583333,4.56,RS,S
A835,MARINGA,-23.40527777,-51.93277777,548.51,PR,S
A836,JAGUARAO,-32.53472221,-53.37583332,31.48,RS,S
A837,SOLEDADE,-28.85916666,-52.54249999,660.44,RS,S
A838,CAMAQUA,-30.80805555,-51.83416666,92.3,RS,S
A839,PASSO FUNDO,-28.22666666,-52.40361111,680.67,RS,S
A840,BENTO GONCALVES,-29.16444444,-51.53416666,623.27,RS,S
A841,JOACABA,-27.16916666,-51.55888888,767.63,SC,S
A842,NOVA FATIMA,-23.41527777,-50.57777777,664.31,PR,S
A843,DOIS VIZINHOS,-25.69916666,-53.09527777,545.95,PR,S
A844,LAGOA VERMELHA,-28.22249999,-51.51277777,833.83,RS,S
A845,BOM JARDIM DA SERRA - MORRO DA IGREJA,-28.12694443,-49.47972221,1790.38,SC,S
A846,FOZ DO IGUACU,-25.60194444,-54.48305554,235.09,PR,S
A848,DIONISIO CERQUEIRA,-26.286562,-53.633114,807.54,SC,S
A849,DIAMANTE DO NORTE,-22.63944444,-52.89027777,368.22,PR,S
A850,PARANAPOEMA,-22.65833333,-52.13444444,308.7,PR,S
A851,ITAPOA,-26.08138888,-48.64166666,6.18,SC,S
A852,SAO LUIZ GONZAGA,-28.41722221,-54.9625,245.5,RS,S
A853,CRUZ ALTA,-28.60333333,-53.6736111,426.69,RS,S
A854,FREDERICO WESTPHALEN,-27.39555555,-53.42944443,489.42,RS,S
A855,PLANALTO,-25.72194443,-53.74805555,399.1,PR,S
A856,PALMEIRA DAS MISSOES,-27.92027777,-53.31805554,614.11,RS,S
A857,SAO MIGUEL DO OESTE,-26.78638888,-53.51416666,647.0,SC,S
A858,XANXERE,-26.9386111,-52.39805555,878.74,SC,S
A859,CACADOR,-26.81916666,-50.98555555,944.26,SC,S
A860,CURITIBANOS,-27.2886111,-50.60416666,978.1,SC,S
A861,RIO DO CAMPO,-26.93749999,-50.14555555,591.67,SC,S
A862,RIO NEGRINHO,-26.2486111,-49.57416666,856.0,SC,S
A863,ITUPORANGA,-27.41833332,-49.64694444,479.79,SC,S
A864,MAJOR VIEIRA,-26.3936111,-50.36333333,799.58,SC,S
A865,LAGES,-27.80222222,-50.33555555,952.7,SC,S
A866,Laguna  - Farol de Santa Marta,-28.60444444,-48.81333333,34.36,SC,S
A867,ARARANGUA,-28.931353,-49.49792,2.0,SC,S
A868,ITAJAI,-26.95083333,-48.76194444,9.76,SC,S
A869,CIDADE GAUCHA,-23.35916666,-52.93194443,365.79,PR,S
A870,RANCHO QUEIMADO,-27.6786111,-49.04194444,881.0,SC,S
A871,JAPIRA,-23.77333332,-50.18055554,692.88,PR,S
A872,VENTANIA,-24.28027777,-50.21027777,1093.41,PR,S
A873,MORRETES,-25.50888888,-48.80861111,50.31,PR,S
A874,SAO MATEUS DO SUL,-25.83555555,-50.36888888,780.21,PR,S
A875,GENERAL CARNEIRO,-26.3986111,-51.35361111,1009.01,PR,S
A876,CLEVELANDIA,-26.41722221,-52.3486111,966.06,PR,S
A878,MOSTARDAS,-31.24833333,-50.90638888,3.82,RS,S
A879,CANELA,-29.36888888,-50.82722221,830.93,RS,S
A880,VACARIA,-28.51361111,-50.88277777,969.89,RS,S
A881,DOM PEDRITO,-31.0025,-54.61805554,150.0,RS,S
A882,TEUTONIA,-29.44916666,-51.82333332,81.0,RS,S
A883,IBIRUBA,-28.65333333,-53.11194444,455.27,RS,S
A884,CAMPO BOM,-29.67416666,-51.06416666,23.35,RS,S
A886,TUPANCIRETA,-29.08944444,-53.82666666,462.0,RS,S
A887,CAPAO DO LEAO (PELOTAS),-31.8025,-52.40722222,13.0,RS,S
A889,SAO VICENTE DO SUL,-29.70222222,-54.69444444,134.0,RS,S
A893,ENCRUZILHADA DO SUL,-30.54305555,-52.52472221,427.75,RS,S
A894,SERAFINA CORREA,-28.70472222,-51.87083332,485.29,RS,S
A895,CHAPECO,-27.0853111,-52.6357111,679.0,SC,S
A897,CAMBARA DO SUL,-29.04916666,-50.14972221,1017.0,RS,S
A898,CAMPOS NOVOS,-27.3886111,-51.21583333,963.0,SC,S
A899,Santa Vitoria do Palmar - Barra do Chui,-33.74222221,-53.37222221,7.41,RS,S
A901,CUIABA,-15.60694444,-56.06083333,184.0,MT,CO
A902,TANGARA DA SERRA,-14.65,-57.43166666,440.01,MT,CO
A903,S.J. DO RIO CLARO,-13.45388888,-56.67722221,339.59,MT,CO
A904,SORRISO,-12.555,-55.72277777,379.31,MT,CO
A905,CAMPO NOVO DOS PARECIS,-13.78583333,-57.8386111,525.41,MT,CO
A906,GUARANTA DO NORTE,-9.9525,-54.89777777,283.58,MT,CO
A907,RONDONOPOLIS,-16.4625,-54.58027777,289.88,MT,CO
A908,AGUA BOA,-14.01638888,-52.21166666,440.0,MT,CO
A909,ALTO ARAGUAIA,-17.33944444,-53.22444443,753.28,MT,CO
A910,APIACAS,-9.56333333,-57.3936111,217.75,MT,CO
A911,SAPEZAL,-13.30388888,-58.76333333,105.0,MT,CO
A912,CAMPO VERDE,-15.55888888,-55.17944443,747.0,MT,CO
A913,COMODORO,-13.70805555,-59.7625,576.87,MT,CO
A914,JUARA,-11.28027777,-57.52666666,263.43,MT,CO
A915,PARANATINGA,-14.42138888,-54.0361111,476.91,MT,CO
A916,QUERENCIA,-12.60305555,-52.1625,355.0,MT,CO
A917,SINOP,-11.98222221,-55.56611111,366.57,MT,CO
A919,COTRIGUACU,-9.90638888,-58.57222221,265.0,MT,CO
A920,JUINA,-11.37499999,-58.77472221,365.39,MT,CO
A921,SAO FELIX  DO ARAGUAIA,-11.61888888,-50.72777777,201.37,MT,CO
A922,VILA BELA DA SANTISSIMA TRINDADE,-15.06277777,-59.87305554,213.0,MT,CO
A923,PRIMAVERA DO LESTE,-15.57999999,-54.3811111,680.0,MT,CO
A924,ALTA FLORESTA,-10.07722221,-56.17916666,291.85,MT,CO
A925,PORTO VELHO,-8.7936111,-63.84583333,86.7,RO,N
A926,CARLINDA,-9.97055554,-55.82749999,293.71,MT,CO
A927,BRASNORTE (NOVO MUNDO),-12.52194443,-58.23138888,426.2,MT,CO
A928,NOVA MARINGA,-13.0386111,-57.09222221,334.36,MT,CO
A929,NOVA UBIRATA,-13.41111111,-54.75222222,466.48,MT,CO
A930,GAUCHA DO NORTE,-13.18472221,-53.2575,375.87,MT,CO
A931,SANTO ANTONIO DO LESTE,-14.92499999,-53.88444444,662.0,MT,CO
A932,GUIRATINGA,-16.34166666,-53.76611111,525.43,MT,CO
A933,ITIQUIRA,-17.17499999,-54.50166666,593.12,MT,CO
A934,ALTO TAQUARI,-17.8411111,-53.28944444,862.42,MT,CO
A935,PORTO ESTRELA,-15.32472221,-57.22583332,147.75,MT,CO
A936,SALTO DO CEU,-15.12472221,-58.12722221,300.83,MT,CO
A937,PONTES E LACERDA,-15.23444444,-59.3461111,272.53,MT,CO
A938,VILHENA,-12.73499999,-60.15777777,583.3,RO,N
A939,CACOAL,-11.44583333,-61.43416666,183.53,RO,N
A940,ARIQUEMES,-9.94888888,-62.96194444,128.44,RO,N
A941,CACERES,-16.07472221,-57.69305555,123.53,MT,CO
A942,SAO JOSE DO XINGU,-10.48416666,-52.37249999,300.0,MT,CO
A943,SERRA NOVA DOURADA,-11.98777777,-51.4261111,441.0,MT,CO
A944,ROSARIO OESTE,-14.82888888,-56.44194444,195.0,MT,CO
A945,BARRA DO GARCAS,-15.88472221,-52.22722221,304.0,MT,CO
A947,NOVO SANTO ANTONIO,-12.28805555,-50.97138888,205.0,MT,CO
A949,DIAMANTINO,-14.37777777,-56.37972221,317.0,MT,CO
A950,ITANHANGA,-12.23416666,-56.60222222,350.0,MT,CO
A954,COCALINHO,-14.38555555,-51.00972222,252.0,MT,CO
A955,LUCAS DO RIO VERDE,-13.07499999,-55.91138888,393.0,MT,CO
B803,CAMPINA DA LAGOA,-24.57083332,-52.80027777,598.0,PR,S
B804,LARANJEIRAS DO SUL,-25.37138888,-52.40083333,889.0,PR,S
B806,COLOMBO,-25.322464,-49.157733,950.0,PR,S
B807,PORTO ALEGRE- BELEM NOVO,-30.1861111,-51.17805554,3.3,RS,S
B809,SAPUCAIA DO SUL,-29.81388888,-51.15666666,23.0,RS,S
B810,PARQUE ELDORADO,-30.09666666,-51.67388888,50.0,RS,S
B811,SERTAO SANTANA,-30.49416666,-51.66333333,116.0,RS,S
B812,CHARQUEADAS,-29.96555555,-51.62555554,23.0,RS,S
B813,MINAS DO LEAO,-30.12444443,-52.05083333,54.0,RS,S
B814,MONTENEGRO,-29.75861111,-51.4361111,15.0,RS,S
B816,SANTA MARIA DO HERVAL,-29.47916666,-51.01333333,650.0,RS,S
B817,CAXIAS DO SUL - CRIUVA,-28.87416666,-50.97555554,857.0,RS,S
B819,ROLANTE,-29.65583333,-50.61805554,69.0,RS,S
B820,SAO FRANCISCO DE PAULA,-29.44222221,-50.56027777,886.0,RS,S
B821,SANTANA DA BOA VISTA,-30.85861111,-53.15555555,138.0,RS,S
B822,CACHOEIRA DO SUL,-30.01833332,-52.93888888,73.0,RS,S
B823,PINHEIRO MACHADO,-31.57472221,-53.38833333,419.0,RS,S
B825,PORTO ALEGRE - BELEM NOVO,-30.1861111,-51.17833332,3.3,RS,S
B826,HERVAL,-32.01277777,-53.40305555,331.0,RS,S
B827,BAGE - CENTRO,-31.30555555,-54.01333333,226.2,RS,S
B828,ACEGUA,-31.87472221,-54.11972221,271.0,RS,S
B829,SANTA VITORIA DO PALMAR (RESERVA DO TAIM),-32.83583333,-52.6436111,2.0,RS,S
B830,SANTA VITORIA DO PALMAR (CENTRO),-33.53166666,-53.35027777,29.0,RS,S
B832,CAPAO DA CANOA,-29.68527777,-49.99305555,0.0,RS,S
B836,PALMARES DO SUL,-30.24916666,-50.50916666,4.0,RS,S
B839,SANTO ANTONIO DA PATRULHA,-29.81611111,-50.53333333,47.0,RS,S
C891,CRIOSFERA,-84.0,-79.49416666,1285.0,SP,SE
F501,BELO HORIZONTE - CERCADINHO,-19.97999999,-43.95861111,1199.55,MG,SE
S701,ANGELICA,-22.148083,-53.763736,347.0,MS,CO
S702,ARAL MOREIRA,-22.955,-55.6261111,605.0,MS,CO
S703,BANDEIRANTES,-19.94555555,-54.3686111,624.0,MS,CO
S704,BONITO,-21.24666666,-56.45055555,329.0,MS,CO
S705,BRASILANDIA,-21.29833333,-52.06888888,345.0,MS,CO
S706,CAARAPO,-22.657056,-54.819306,456.0,MS,CO
S707,CAMAPUA,-19.58749999,-54.02999999,540.0,MS,CO
S708,FATIMA DO SUL,-22.30861111,-54.32583332,340.0,MS,CO
S709,IGUATEMI,-23.64444444,-54.57027777,319.0,MS,CO
S710,ITAPORA,-22.092833,-54.798833,360.0,MS,CO
S711,LAGUNA CARAPA,-22.575389,-55.160333,499.0,MS,CO
S712,NOVA ALVORADA DO SUL,-21.450972,-54.341972,5.0,MS,CO
S713,NOVA ANDRADINA,-22.0786111,-53.46583333,372.0,MS,CO
S714,PEDRO GOMES,-18.07277777,-54.54888888,251.0,MS,CO
S715,RIBAS DO RIO PARDO,-20.466694,-53.763028,442.0,MS,CO
S716,SANTA RITA DO PARDO,-21.305889,-52.820375,383.0,MS,CO
S717,SELVIRIA,-20.35138888,-51.43027777,374.0,MS,CO
